time,cpu_pct,ram_mib,net_in_mb,net_out_mb
11:39:45,4.5,113.4,6.9,8.72
11:40:08,11.87,139.5,7.18,9.07
11:40:29,16.21,145,7.75,9.81
11:40:51,20.57,147.1,8.58,10.9
11:41:12,23.69,149,9.71,12.5
11:41:34,22.59,150.4,11.1,14.5
11:41:55,24.12,152.1,12.9,17
11:42:18,22.42,156.9,14.9,20.1
11:42:39,25.5,187,17.5,24.1
11:43:01,25.56,190,20.5,29.1
11:43:22,26.48,196.5,24,35
11:43:44,22.77,199,27.9,41.9
11:44:05,27.46,205.6,32,49.3
11:44:28,25.74,203.4,35.9,56.3
11:44:49,22.18,204.2,39.9,63.4
11:45:11,22.12,204.9,43.9,70.5
11:45:32,20.15,205.4,47.9,77.6
11:45:54,14.48,205.7,51.4,83.6
11:46:15,3.17,203.7,52.6,85.2
11:46:38,0,111.8,52.6,85.2
11:46:59,0,111.7,52.6,85.2
11:47:21,0,111.7,52.6,85.2
11:47:42,0,111.7,52.6,85.2
11:48:04,0,111.7,52.6,85.2
11:48:25,0,111.7,52.6,85.2
