time,cpu_pct,ram_mib,net_in_mb,net_out_mb,block_read_mb,block_write_mb
11:15:09,1.12,116.8,2.31,2.95,66.5,0.0040999999999999995
11:15:30,1.64,116.4,2.37,3.02,66.5,0.0040999999999999995
11:15:52,0.98,117.2,2.42,3.09,66.5,0.0040999999999999995
11:16:13,1.28,117.3,2.48,3.17,66.5,0.0040999999999999995
11:16:35,1.24,118.6,2.54,3.24,66.5,0.0040999999999999995
11:16:57,0.89,118.3,2.6,3.31,66.5,0.0040999999999999995
11:17:18,1.54,116.7,2.66,3.39,66.5,0.0040999999999999995
11:17:40,1.56,117.1,2.72,3.46,66.5,0.0040999999999999995
11:18:02,1.32,117.1,2.78,3.54,66.5,0.0040999999999999995
11:18:23,0.88,117.1,2.84,3.61,66.5,0.0040999999999999995
11:18:45,2.89,117.3,2.9,3.68,66.5,0.0040999999999999995
11:19:07,0.69,117.5,2.96,3.75,66.5,0.0040999999999999995
11:19:29,1.2,117.6,3.02,3.82,66.5,0.0040999999999999995
11:19:50,1.59,119.2,3.08,3.9,66.5,0.0040999999999999995
11:20:12,1.07,119.1,3.14,3.97,66.5,0.0040999999999999995
11:20:33,1.06,119.2,3.2,4.04,66.5,0.0040999999999999995
11:20:55,1.25,119.3,3.26,4.12,66.5,0.0040999999999999995
11:21:17,0.42,119.2,3.31,4.19,66.5,0.0040999999999999995
11:21:39,1.41,120,3.37,4.26,66.5,0.0040999999999999995
11:22:00,1.66,119.9,3.44,4.34,66.5,0.0040999999999999995
11:22:22,1.83,120.5,3.49,4.41,66.5,0.0040999999999999995
11:22:43,2.57,119.9,3.55,4.48,66.5,0.0040999999999999995
11:23:05,1.74,119.3,3.61,4.55,66.5,0.0040999999999999995
11:23:27,1.16,119.2,3.66,4.62,66.5,0.0040999999999999995
11:23:49,1.2,119.5,3.73,4.7,66.5,0.0040999999999999995
11:24:10,1.3,119.7,3.79,4.77,66.5,0.0040999999999999995
11:24:32,1.49,119.8,3.85,4.85,66.5,0.0040999999999999995
11:24:53,2.4,119.9,3.91,4.92,66.5,0.0040999999999999995
11:25:15,1.14,119.2,3.97,5,66.5,0.0040999999999999995
11:25:37,2.17,119.9,4.03,5.07,66.5,0.0040999999999999995
11:25:59,1.49,119.7,4.09,5.14,66.5,0.0040999999999999995
11:26:20,1.39,119.6,4.15,5.22,66.5,0.0040999999999999995
11:26:42,1.17,119.5,4.21,5.29,66.5,0.0040999999999999995
11:27:03,1.41,119.4,4.27,5.37,66.5,0.0040999999999999995
11:27:25,1.16,119.3,4.33,5.44,66.5,0.0040999999999999995
11:27:47,1.26,119.3,4.39,5.51,66.5,0.0040999999999999995
11:28:09,1.59,119.3,4.45,5.59,66.5,0.0040999999999999995
11:28:30,0.77,119.2,4.51,5.66,66.5,0.0040999999999999995
11:28:52,1.36,119.7,4.57,5.73,66.5,0.0040999999999999995
11:29:13,1.09,119.7,4.64,5.81,66.5,0.0040999999999999995
11:29:35,0.55,119.8,4.68,5.87,66.5,0.0040999999999999995
11:29:57,0,119.6,4.68,5.87,66.5,0.0040999999999999995
11:30:19,0,119.6,4.68,5.87,66.5,0.0040999999999999995
11:30:40,0,119.6,4.68,5.87,66.5,0.0040999999999999995
11:31:02,0,119.6,4.68,5.87,66.5,0.0040999999999999995
